station_id,name,so_h,cglo,tb10,rrm,rf,ffx,ff,tb20,tl,rr
1,Aflenz,❌,❌,❌,❌,❌,❌,❌,❌,❌,❌
2,Aigen im Ennstal,❌,❌,❌,❌,❌,❌,❌,❌,❌,❌
3,Allentsteig,❌,❌,❌,❌,❌,❌,❌,❌,❌,❌
4,Amstetten,❌,❌,❌,❌,❌,❌,❌,❌,❌,❌
5,Bad Aussee,❌,❌,❌,❌,❌,❌,❌,❌,❌,❌
6,Bad Bleiberg,❌,❌,❌,❌,❌,❌,❌,❌,❌,❌
7,Bad Gastein,❌,❌,❌,❌,❌,❌,❌,❌,❌,❌
8,Bad Gleichenberg,❌,❌,❌,❌,❌,❌,❌,❌,❌,❌
9,Bad Goisern,❌,❌,❌,❌,❌,❌,❌,❌,❌,❌
10,Bad Mitterndorf,❌,❌,❌,❌,❌,❌,❌,❌,❌,❌
11,Bad Radkersburg,❌,❌,❌,❌,❌,❌,❌,❌,❌,❌
12,Baden,❌,❌,❌,❌,❌,❌,❌,❌,❌,❌
13,Bernstein,❌,❌,❌,❌,❌,❌,❌,❌,❌,❌
14,Bischofshofen,❌,❌,❌,❌,❌,❌,❌,❌,❌,❌
15,Bregenz,❌,❌,❌,❌,❌,❌,❌,❌,❌,❌
16,Brenner,❌,❌,❌,❌,❌,❌,❌,❌,❌,❌
17,Bruck an der Mur,❌,❌,❌,❌,❌,❌,❌,❌,❌,❌
18,Bruckneudorf,❌,❌,❌,❌,❌,❌,❌,❌,❌,❌
19,Dellach,❌,❌,❌,❌,❌,❌,❌,❌,❌,❌
20,Ehrwald,❌,❌,❌,❌,❌,❌,❌,❌,❌,❌
21,Bad Eisenkappel,❌,❌,❌,❌,❌,❌,❌,❌,❌,❌
22,Eisenstadt Nordost,❌,❌,❌,❌,❌,❌,❌,❌,❌,❌
23,Enns,❌,❌,❌,❌,❌,❌,❌,❌,❌,❌
24,Feldkirch,❌,❌,❌,❌,❌,❌,❌,❌,❌,❌
25,Fischbach,❌,❌,❌,❌,❌,❌,❌,❌,❌,❌
26,Freistadt,❌,❌,❌,❌,❌,❌,❌,❌,❌,❌
27,Gallspach,❌,❌,❌,❌,❌,❌,❌,❌,❌,❌
28,Galtür,❌,❌,❌,❌,❌,❌,❌,❌,❌,❌
29,Gmunden,❌,❌,❌,❌,❌,❌,❌,❌,❌,❌
30,Graz Universität/Heinrichstraße,❌,❌,❌,❌,❌,❌,❌,❌,❌,❌
31,Groß-Enzersdorf,❌,❌,❌,❌,❌,❌,❌,❌,❌,❌
32,Gumpoldskirchen,❌,❌,❌,❌,❌,❌,❌,❌,❌,❌
33,Martinsberg,❌,❌,❌,❌,❌,❌,❌,❌,❌,❌
34,Heiligenblut,❌,❌,❌,❌,❌,❌,❌,❌,❌,❌
36,Hohe Wand/Hochkogelhaus,❌,❌,❌,❌,❌,❌,❌,❌,❌,❌
37,Schöngrabern,❌,❌,❌,❌,❌,❌,❌,❌,❌,❌
38,Imst,❌,❌,❌,❌,❌,❌,❌,❌,❌,❌
39,Innsbruck Universität,❌,❌,❌,❌,❌,❌,❌,❌,❌,❌
40,Irdning-Gumpenstein,❌,❌,❌,❌,❌,❌,❌,❌,❌,❌
42,Jenbach,❌,❌,❌,❌,❌,❌,❌,❌,❌,❌
43,Kals,❌,❌,❌,❌,❌,❌,❌,❌,❌,❌
44,Kalwang,❌,❌,❌,❌,❌,❌,❌,❌,❌,❌
45,Königswiesen,❌,❌,❌,❌,❌,❌,❌,❌,❌,❌
46,Krems,❌,❌,❌,❌,❌,❌,❌,❌,❌,❌
47,Krimml,❌,❌,❌,❌,❌,❌,❌,❌,❌,❌
48,Klagenfurt Flughafen,❌,❌,❌,❌,❌,❌,❌,❌,❌,❌
49,Kleinzicken,❌,❌,❌,❌,❌,❌,❌,❌,❌,❌
50,Landeck,❌,❌,❌,❌,❌,❌,❌,❌,❌,❌
51,Langenlebarn,❌,❌,❌,❌,❌,❌,❌,❌,❌,❌
52,Langenlois,❌,❌,❌,❌,❌,❌,❌,❌,❌,❌
53,Laßnitzhöhe,❌,❌,❌,❌,❌,❌,❌,❌,❌,❌
54,Leibnitz-Wagna,❌,❌,❌,❌,❌,❌,❌,❌,❌,❌
55,Lienz,❌,❌,❌,❌,❌,❌,❌,❌,❌,❌
56,Linz Stadt,❌,❌,❌,❌,❌,❌,❌,❌,❌,❌
57,Litschau,❌,❌,❌,❌,❌,❌,❌,❌,❌,❌
58,Lutzmannsburg,❌,❌,❌,❌,❌,❌,❌,❌,❌,❌
59,Mariazell/St.Sebastian Flugfeld,❌,❌,❌,❌,❌,❌,❌,❌,❌,❌
60,Mattsee,❌,❌,❌,❌,❌,❌,❌,❌,❌,❌
61,Mayrhofen,❌,❌,❌,❌,❌,❌,❌,❌,❌,❌
62,Millstatt,❌,❌,❌,❌,❌,❌,❌,❌,❌,❌
63,Mönichkirchen,❌,❌,❌,❌,❌,❌,❌,❌,❌,❌
64,Neumarkt,❌,❌,❌,❌,❌,❌,❌,❌,❌,❌
65,Neusiedl am See,❌,❌,❌,❌,❌,❌,❌,❌,❌,❌
66,Obergurgl,❌,❌,❌,❌,❌,❌,❌,❌,❌,❌
67,Leiser Berge,❌,❌,❌,❌,❌,❌,❌,❌,❌,❌
68,Obertauern,❌,❌,❌,❌,❌,❌,❌,❌,❌,❌
69,Obervellach,❌,❌,❌,❌,❌,❌,❌,❌,❌,❌
70,Poysdorf-Ost,❌,❌,❌,❌,❌,❌,❌,❌,❌,❌
71,Preitenegg,❌,❌,❌,❌,❌,❌,❌,❌,❌,❌
72,Puchberg am Schneeberg,❌,❌,❌,❌,❌,❌,❌,❌,❌,❌
73,Radstadt-Tandalier,❌,❌,❌,❌,❌,❌,❌,❌,❌,❌
75,Ranshofen Braunau,❌,❌,❌,❌,❌,❌,❌,❌,❌,❌
76,Reutte,❌,❌,❌,❌,❌,❌,❌,❌,❌,❌
77,Rohrbach,❌,❌,❌,❌,❌,❌,❌,❌,❌,❌
78,Rauris,❌,❌,❌,❌,❌,❌,❌,❌,❌,❌
80,Reichenau an der Rax,❌,❌,❌,❌,❌,❌,❌,❌,❌,❌
81,Retz Windmühle,❌,❌,❌,❌,❌,❌,❌,❌,❌,❌
82,Rudolfshütte,❌,❌,❌,❌,❌,❌,❌,❌,❌,❌
83,Saalbach,❌,❌,❌,❌,❌,❌,❌,❌,❌,❌
84,Saalfelden,❌,❌,❌,❌,❌,❌,❌,❌,❌,❌
85,Schmittenhöhe,❌,❌,❌,❌,❌,❌,❌,❌,❌,❌
86,Schöckl,❌,❌,❌,❌,❌,❌,❌,❌,❌,❌
87,Seefeld,❌,❌,❌,❌,❌,❌,❌,❌,❌,❌
88,Semmering,❌,❌,❌,❌,❌,❌,❌,❌,❌,❌
89,Stift Zwettl,❌,❌,❌,❌,❌,❌,❌,❌,❌,❌
90,St.Andrä im Lavanttal,❌,❌,❌,❌,❌,❌,❌,❌,❌,❌
91,Feistritz ob Bleiburg,❌,❌,❌,❌,❌,❌,❌,❌,❌,❌
92,St.Michael im Lungau,❌,❌,❌,❌,❌,❌,❌,❌,❌,❌
93,St.Pölten Landhaus,❌,❌,❌,❌,❌,❌,❌,❌,❌,❌
94,St.Radegund,❌,❌,❌,❌,❌,❌,❌,❌,❌,❌
95,St.Veit an der Glan,❌,❌,❌,❌,❌,❌,❌,❌,❌,❌
97,Stolzalpe,❌,❌,❌,❌,❌,❌,❌,❌,❌,❌
98,Tamsweg,❌,❌,❌,❌,❌,❌,❌,❌,❌,❌
99,Unken,❌,❌,❌,❌,❌,❌,❌,❌,❌,❌
100,Villach Stadt,❌,❌,❌,❌,❌,❌,❌,❌,❌,❌
101,Waidhofen an der Ybbs,❌,❌,❌,❌,❌,❌,❌,❌,❌,❌
102,Weißensee-Gatschach,❌,❌,❌,❌,❌,❌,❌,❌,❌,❌
103,Weitensfeld,❌,❌,❌,❌,❌,❌,❌,❌,❌,❌
104,Weyer,❌,❌,❌,❌,❌,❌,❌,❌,❌,❌
105,Wien Hohe Warte,❌,❌,❌,❌,❌,❌,❌,❌,❌,❌
106,Wien Mariabrunn,❌,❌,❌,❌,❌,❌,❌,❌,❌,❌
107,Wien Unterlaa,❌,❌,❌,❌,❌,❌,❌,❌,❌,❌
108,Windischgarsten,❌,❌,❌,❌,❌,❌,❌,❌,❌,❌
109,St.Wolfgang,❌,❌,❌,❌,❌,❌,❌,❌,❌,❌
110,Wolfsberg,❌,❌,❌,❌,❌,❌,❌,❌,❌,❌
111,Wolfsegg,❌,❌,❌,❌,❌,❌,❌,❌,❌,❌
112,Wiener Neustadt Flugplatz,❌,❌,❌,❌,❌,❌,❌,❌,❌,❌
113,Zell am See,❌,❌,❌,❌,❌,❌,❌,❌,❌,❌
114,Zell am Ziller/Rohrberg,❌,❌,❌,❌,❌,❌,❌,❌,❌,❌
115,Zeltweg,❌,❌,❌,❌,❌,❌,❌,❌,❌,❌
116,Deutschlandsberg,❌,❌,❌,❌,❌,❌,❌,❌,❌,❌
118,Kitzbühel,❌,❌,❌,❌,❌,❌,❌,❌,❌,❌
119,St.Anton am Arlberg,❌,❌,❌,❌,❌,❌,❌,❌,❌,❌
120,Ferlach,❌,❌,❌,❌,❌,❌,❌,❌,❌,❌
121,Nauders,❌,❌,❌,❌,❌,❌,❌,❌,❌,❌
122,Kanzelhöhe,❌,❌,❌,❌,❌,❌,❌,❌,❌,❌
123,Schwarzenau,❌,❌,❌,❌,❌,❌,❌,❌,❌,❌
124,Seckau,❌,❌,❌,❌,❌,❌,❌,❌,❌,❌
125,Kohlreithberg,❌,❌,❌,❌,❌,❌,❌,❌,❌,❌
126,Haiming,❌,❌,❌,❌,❌,❌,❌,❌,❌,❌
127,Rinn,❌,❌,❌,❌,❌,❌,❌,❌,❌,❌
128,Radenthein,❌,❌,❌,❌,❌,❌,❌,❌,❌,❌
129,Lofer Ort,❌,❌,❌,❌,❌,❌,❌,❌,❌,❌
130,Sillian,❌,❌,❌,❌,❌,❌,❌,❌,❌,❌
131,Salzburg Flughafen,❌,❌,❌,❌,❌,❌,❌,❌,❌,❌
132,Bad Ischl,❌,❌,❌,❌,❌,❌,❌,❌,❌,❌
133,Fraxern,❌,❌,❌,❌,❌,❌,❌,❌,❌,❌
134,Gänserndorf Stadt,❌,❌,❌,❌,❌,❌,❌,❌,❌,❌
136,Umhausen,❌,❌,❌,❌,❌,❌,❌,❌,❌,❌
137,Döllach,❌,❌,❌,❌,❌,❌,❌,❌,❌,❌
138,Prutz,❌,❌,❌,❌,❌,❌,❌,❌,❌,❌
139,Steinach am Brenner,❌,❌,❌,❌,❌,❌,❌,❌,❌,❌
140,Bad Tatzmannsdorf,❌,❌,❌,❌,❌,❌,❌,❌,❌,❌
141,Ried im Innkreis,❌,❌,❌,❌,❌,❌,❌,❌,❌,❌
142,Kufstein,❌,❌,❌,❌,❌,❌,❌,❌,❌,❌
144,Micheldorf,❌,❌,❌,❌,❌,❌,❌,❌,❌,❌
145,Salzburg Freisaal,❌,❌,❌,❌,❌,❌,❌,❌,❌,❌
146,Holzgau,❌,❌,❌,❌,❌,❌,❌,❌,❌,❌
147,Gröbming,❌,❌,❌,❌,❌,❌,❌,❌,❌,❌
148,Weitra,❌,❌,❌,❌,❌,❌,❌,❌,❌,❌
149,Mallnitz,❌,❌,❌,❌,❌,❌,❌,❌,❌,❌
150,Spittal an der Drau,❌,❌,❌,❌,❌,❌,❌,❌,❌,❌
151,Achenkirch,❌,❌,❌,❌,❌,❌,❌,❌,❌,❌
152,Laa an der Thaya Kläranlage,❌,❌,❌,❌,❌,❌,❌,❌,❌,❌
153,Präbichl,❌,❌,❌,❌,❌,❌,❌,❌,❌,❌
154,Fürstenfeld,❌,❌,❌,❌,❌,❌,❌,❌,❌,❌
155,Oberndorf an der Melk,❌,❌,❌,❌,❌,❌,❌,❌,❌,❌
156,St.Johann im Pongau,❌,❌,❌,❌,❌,❌,❌,❌,❌,❌
157,Kollerschlag,❌,❌,❌,❌,❌,❌,❌,❌,❌,❌
158,Hohenau,❌,❌,❌,❌,❌,❌,❌,❌,❌,❌
159,Reichersberg,❌,❌,❌,❌,❌,❌,❌,❌,❌,❌
160,Waizenkirchen,❌,❌,❌,❌,❌,❌,❌,❌,❌,❌
161,Reichenau am Mühlkreis,❌,❌,❌,❌,❌,❌,❌,❌,❌,❌
162,Aspach,❌,❌,❌,❌,❌,❌,❌,❌,❌,❌
163,Mondsee,❌,❌,❌,❌,❌,❌,❌,❌,❌,❌
164,Berndorf,❌,❌,❌,❌,❌,❌,❌,❌,❌,❌
165,Abtenau,❌,❌,❌,❌,❌,❌,❌,❌,❌,❌
166,Hall bei Admont,❌,❌,❌,❌,❌,❌,❌,❌,❌,❌
167,Mürzzuschlag,❌,❌,❌,❌,❌,❌,❌,❌,❌,❌
169,Pottschach,❌,❌,❌,❌,❌,❌,❌,❌,❌,❌
170,Aspang,❌,❌,❌,❌,❌,❌,❌,❌,❌,❌
171,Dornbirn,❌,❌,❌,❌,❌,❌,❌,❌,❌,❌
172,Schoppernau,❌,❌,❌,❌,❌,❌,❌,❌,❌,❌
173,Schröcken,❌,❌,❌,❌,❌,❌,❌,❌,❌,❌
174,Mittelberg,❌,❌,❌,❌,❌,❌,❌,❌,❌,❌
175,Innsbruck Flughafen,❌,❌,❌,❌,❌,❌,❌,❌,❌,❌
176,Hahnenkamm-Ehrenbachhöhe,❌,❌,❌,❌,❌,❌,❌,❌,❌,❌
177,Uttendorf,❌,❌,❌,❌,❌,❌,❌,❌,❌,❌
178,Hochfilzen,❌,❌,❌,❌,❌,❌,❌,❌,❌,❌
179,Ramsau am Dachstein,❌,❌,❌,❌,❌,❌,❌,❌,❌,❌
180,Rechnitz,❌,❌,❌,❌,❌,❌,❌,❌,❌,❌
181,Bludenz,❌,❌,❌,❌,❌,❌,❌,❌,❌,❌
182,Oberwölz,❌,❌,❌,❌,❌,❌,❌,❌,❌,❌
183,Güssing,❌,❌,❌,❌,❌,❌,❌,❌,❌,❌
184,Pitztaler Gletscher,❌,❌,❌,❌,❌,❌,❌,❌,❌,❌
185,St.Jakob im Defereggental,❌,❌,❌,❌,❌,❌,❌,❌,❌,❌
186,Flattnitz,❌,❌,❌,❌,❌,❌,❌,❌,❌,❌
187,Friesach,❌,❌,❌,❌,❌,❌,❌,❌,❌,❌
188,Völkermarkt-Goldbrunnhof,❌,❌,❌,❌,❌,❌,❌,❌,❌,❌
189,Melk,❌,❌,❌,❌,❌,❌,❌,❌,❌,❌
190,Frankenmarkt,❌,❌,❌,❌,❌,❌,❌,❌,❌,❌
192,Wachtberg bei Steyr,❌,❌,❌,❌,❌,❌,❌,❌,❌,❌
193,Jauerling,❌,❌,❌,❌,❌,❌,❌,❌,❌,❌
195,Mittersill,❌,❌,❌,❌,❌,❌,❌,❌,❌,❌
196,Patscherkofel,❌,❌,❌,❌,❌,❌,❌,❌,❌,❌
197,Seibersdorf,❌,❌,❌,❌,❌,❌,❌,❌,❌,❌
198,Pörtschach,❌,❌,❌,❌,❌,❌,❌,❌,❌,❌
199,Horn Wasserwerk,❌,❌,❌,❌,❌,❌,❌,❌,❌,❌
200,Gleisdorf,❌,❌,❌,❌,❌,❌,❌,❌,❌,❌
201,Weiz,❌,❌,❌,❌,❌,❌,❌,❌,❌,❌
202,Wörterberg,❌,❌,❌,❌,❌,❌,❌,❌,❌,❌
203,Fresach,❌,❌,❌,❌,❌,❌,❌,❌,❌,❌
204,Kremsmünster,❌,❌,❌,❌,❌,❌,❌,❌,❌,❌
205,Feuerkogel,❌,❌,❌,❌,❌,❌,❌,❌,❌,❌
206,Loibl Tunnel,❌,❌,❌,❌,❌,❌,❌,❌,❌,❌
208,Laas,❌,❌,❌,❌,❌,❌,❌,❌,❌,❌
210,St.Leonhard im Pitztal,❌,❌,❌,❌,❌,❌,❌,❌,❌,❌
212,Kirchbichl,❌,❌,❌,❌,❌,❌,❌,❌,❌,❌
213,Sonnblick,❌,❌,❌,❌,❌,❌,❌,❌,❌,❌
214,Söll,❌,❌,❌,❌,❌,❌,❌,❌,❌,❌
215,Gars am Kamp,❌,❌,❌,❌,❌,❌,❌,❌,❌,❌
217,Kapfenberg Flugfeld,❌,❌,❌,❌,❌,❌,❌,❌,❌,❌
218,Andau,❌,❌,❌,❌,❌,❌,❌,❌,❌,❌
220,Gaschurn,❌,❌,❌,❌,❌,❌,❌,❌,❌,❌
221,Stockerau,❌,❌,❌,❌,❌,❌,❌,❌,❌,❌
222,Wolkersdorf,❌,❌,❌,❌,❌,❌,❌,❌,❌,❌
500,Litschau,❌,❌,❌,❌,❌,❌,❌,❌,❌,❌
501,Litschau,❌,❌,❌,❌,❌,❌,❌,❌,❌,❌
620,Waidhofen an der Thaya,❌,❌,❌,❌,❌,❌,❌,❌,❌,❌
710,Schönfeld,❌,❌,❌,❌,❌,❌,❌,❌,❌,❌
726,Raabs an der Thaya,❌,❌,❌,❌,❌,❌,❌,❌,❌,❌
900,Retz,❌,❌,❌,❌,❌,❌,❌,❌,❌,❌
901,Retz,❌,❌,❌,❌,❌,❌,❌,❌,❌,❌
905,Retz,❌,❌,❌,❌,❌,❌,❌,❌,❌,❌
1000,Alt-Prerau,❌,❌,❌,❌,❌,❌,❌,❌,❌,❌
1401,Kollerschlag,❌,❌,❌,❌,❌,❌,❌,❌,❌,❌
1410,Rohrbach,❌,❌,❌,❌,❌,❌,❌,❌,❌,❌
1415,Rohrbach,❌,❌,❌,❌,❌,❌,❌,❌,❌,❌
1416,Rohrbach,❌,❌,❌,❌,❌,❌,❌,❌,❌,❌
1420,Schlägel,❌,❌,❌,❌,❌,❌,❌,❌,❌,❌
1600,Freistadt,❌,❌,❌,❌,❌,❌,❌,❌,❌,❌
1601,Freistadt,❌,❌,❌,❌,❌,❌,❌,❌,❌,❌
1602,Freistadt,❌,❌,❌,❌,❌,❌,❌,❌,❌,❌
1710,Liebenau,❌,❌,❌,❌,❌,❌,❌,❌,❌,❌
1730,Schwarzau im Freiwald,❌,❌,❌,❌,❌,❌,❌,❌,❌,❌
1800,Weitra,❌,❌,❌,❌,❌,❌,❌,❌,❌,❌
1802,Weitra,❌,❌,❌,❌,❌,❌,❌,❌,❌,❌
1900,Schwarzenau,❌,❌,❌,❌,❌,❌,❌,❌,❌,❌
1901,Schwarzenau,❌,❌,❌,❌,❌,❌,❌,❌,❌,❌
1906,Allentsteig,❌,❌,❌,❌,❌,❌,❌,❌,❌,❌
1910,Stift Zwettl,❌,❌,❌,❌,❌,❌,❌,❌,❌,❌
1920,Stift Zwettl,❌,❌,❌,❌,❌,❌,❌,❌,❌,❌
2114,Horn,❌,❌,❌,❌,❌,❌,❌,❌,❌,❌
2115,Gars am Kamp,❌,❌,❌,❌,❌,❌,❌,❌,❌,❌
2116,Gars am Kamp,❌,❌,❌,❌,❌,❌,❌,❌,❌,❌
2117,Horn Wasserwerk,❌,❌,❌,❌,❌,❌,❌,❌,❌,❌
2207,Schöngrabern,❌,❌,❌,❌,❌,❌,❌,❌,❌,❌
2230,Pillersdorf Öhlberg,❌,❌,❌,❌,❌,❌,❌,❌,❌,❌
2401,Laa an der Thaya Kläranlage,❌,❌,❌,❌,❌,❌,❌,❌,❌,❌
2415,Leiser Berge,❌,❌,❌,❌,❌,❌,❌,❌,❌,❌
2430,Mistelbach,❌,❌,❌,❌,❌,❌,❌,❌,❌,❌
2500,Poysdorf,❌,❌,❌,❌,❌,❌,❌,❌,❌,❌
2502,Poysdorf,❌,❌,❌,❌,❌,❌,❌,❌,❌,❌
2503,Poysdorf Ost,❌,❌,❌,❌,❌,❌,❌,❌,❌,❌
2510,Wilfersdorf,❌,❌,❌,❌,❌,❌,❌,❌,❌,❌
2600,Hohenau an der March,❌,❌,❌,❌,❌,❌,❌,❌,❌,❌
2601,Hohenau,❌,❌,❌,❌,❌,❌,❌,❌,❌,❌
2602,Hohenau,❌,❌,❌,❌,❌,❌,❌,❌,❌,❌
2900,Reichersberg,❌,❌,❌,❌,❌,❌,❌,❌,❌,❌
2902,Reichersberg,❌,❌,❌,❌,❌,❌,❌,❌,❌,❌
2910,Schärding,❌,❌,❌,❌,❌,❌,❌,❌,❌,❌
3111,Waizenkirchen,❌,❌,❌,❌,❌,❌,❌,❌,❌,❌
3120,Aschach,❌,❌,❌,❌,❌,❌,❌,❌,❌,❌
3202,Linz Stadt,❌,❌,❌,❌,❌,❌,❌,❌,❌,❌
3210,Reichenau (Oberösterreich),❌,❌,❌,❌,❌,❌,❌,❌,❌,❌
3257,Linz Weingarsthof,❌,❌,❌,❌,❌,❌,❌,❌,❌,❌
3266,Linz Petrinum,❌,❌,❌,❌,❌,❌,❌,❌,❌,❌
3315,Reichenau im Mühlkreis,❌,❌,❌,❌,❌,❌,❌,❌,❌,❌
3400,Allerheiligen,❌,❌,❌,❌,❌,❌,❌,❌,❌,❌
3410,Pabneukirchen,❌,❌,❌,❌,❌,❌,❌,❌,❌,❌
3425,Bad Zell,❌,❌,❌,❌,❌,❌,❌,❌,❌,❌
3500,Königswiesen,❌,❌,❌,❌,❌,❌,❌,❌,❌,❌
3520,Bärnkopf,❌,❌,❌,❌,❌,❌,❌,❌,❌,❌
3600,Gutenbrunn Martinsberg,❌,❌,❌,❌,❌,❌,❌,❌,❌,❌
3605,Martinsberg,❌,❌,❌,❌,❌,❌,❌,❌,❌,❌
3700,Jauerling,❌,❌,❌,❌,❌,❌,❌,❌,❌,❌
3702,Jauerling Gipfel,❌,❌,❌,❌,❌,❌,❌,❌,❌,❌
3703,Jauerling/Oberndorf,❌,❌,❌,❌,❌,❌,❌,❌,❌,❌
3710,Joching,❌,❌,❌,❌,❌,❌,❌,❌,❌,❌
3720,Unterloiben,❌,❌,❌,❌,❌,❌,❌,❌,❌,❌
3800,Krems/Landersdorf,❌,❌,❌,❌,❌,❌,❌,❌,❌,❌
3801,Krems,❌,❌,❌,❌,❌,❌,❌,❌,❌,❌
3805,Krems,❌,❌,❌,❌,❌,❌,❌,❌,❌,❌
3807,Krems,❌,❌,❌,❌,❌,❌,❌,❌,❌,❌
3810,Langenlois,❌,❌,❌,❌,❌,❌,❌,❌,❌,❌
3811,Langenlois,❌,❌,❌,❌,❌,❌,❌,❌,❌,❌
4026,Stockerau Flugplatz,❌,❌,❌,❌,❌,❌,❌,❌,❌,❌
4030,Stockerau,❌,❌,❌,❌,❌,❌,❌,❌,❌,❌
4070,Korneuburg,❌,❌,❌,❌,❌,❌,❌,❌,❌,❌
4071,Korneuburg,❌,❌,❌,❌,❌,❌,❌,❌,❌,❌
4080,Langenlebarn,❌,❌,❌,❌,❌,❌,❌,❌,❌,❌
4081,Langenlebarn,❌,❌,❌,❌,❌,❌,❌,❌,❌,❌
4102,Wien Kahlenberg,❌,❌,❌,❌,❌,❌,❌,❌,❌,❌
4115,Wien Stammersdorf,❌,❌,❌,❌,❌,❌,❌,❌,❌,❌
4125,Wolkersdorf,❌,❌,❌,❌,❌,❌,❌,❌,❌,❌
4126,Wolkersdorf,❌,❌,❌,❌,❌,❌,❌,❌,❌,❌
4153,Deutsch-Wagram,❌,❌,❌,❌,❌,❌,❌,❌,❌,❌
4170,Schleinbach,❌,❌,❌,❌,❌,❌,❌,❌,❌,❌
4200,Groß-Schweinbarth,❌,❌,❌,❌,❌,❌,❌,❌,❌,❌
4210,Matzen,❌,❌,❌,❌,❌,❌,❌,❌,❌,❌
4220,Obersiebenbrunn,❌,❌,❌,❌,❌,❌,❌,❌,❌,❌
4221,Gänserndorf,❌,❌,❌,❌,❌,❌,❌,❌,❌,❌
4224,Gänserndorf Stadt,❌,❌,❌,❌,❌,❌,❌,❌,❌,❌
4305,Zwerndorf,❌,❌,❌,❌,❌,❌,❌,❌,❌,❌
4500,Ranshofen,❌,❌,❌,❌,❌,❌,❌,❌,❌,❌
4501,Ranshofen Braunau,❌,❌,❌,❌,❌,❌,❌,❌,❌,❌
4515,Ostermiething,❌,❌,❌,❌,❌,❌,❌,❌,❌,❌
4600,Aspach,❌,❌,❌,❌,❌,❌,❌,❌,❌,❌
4601,Aspach,❌,❌,❌,❌,❌,❌,❌,❌,❌,❌
4611,Mattighofen,❌,❌,❌,❌,❌,❌,❌,❌,❌,❌
4705,Ried im Innkreis,❌,❌,❌,❌,❌,❌,❌,❌,❌,❌
4800,Gallspach,❌,❌,❌,❌,❌,❌,❌,❌,❌,❌
4801,Gallspach,❌,❌,❌,❌,❌,❌,❌,❌,❌,❌
4802,Gallspach,❌,❌,❌,❌,❌,❌,❌,❌,❌,❌
4810,Wolfsegg,❌,❌,❌,❌,❌,❌,❌,❌,❌,❌
4815,Wolfsegg,❌,❌,❌,❌,❌,❌,❌,❌,❌,❌
4821,Vöcklabruck,❌,❌,❌,❌,❌,❌,❌,❌,❌,❌
4905,Wels-Schleißheim,❌,❌,❌,❌,❌,❌,❌,❌,❌,❌
5000,Linz Hörsching Flughafen,❌,❌,❌,❌,❌,❌,❌,❌,❌,❌
5010,Kremsmünster,❌,❌,❌,❌,❌,❌,❌,❌,❌,❌
5012,Kremsmünster,❌,❌,❌,❌,❌,❌,❌,❌,❌,❌
5101,Enns,❌,❌,❌,❌,❌,❌,❌,❌,❌,❌
5103,Enns Stadt,❌,❌,❌,❌,❌,❌,❌,❌,❌,❌
5111,Steyr Stadtgut,❌,❌,❌,❌,❌,❌,❌,❌,❌,❌
5112,Wachtberg bei Steyr,❌,❌,❌,❌,❌,❌,❌,❌,❌,❌
5116,Wachtberg bei Steyr,❌,❌,❌,❌,❌,❌,❌,❌,❌,❌
5130,Enns,❌,❌,❌,❌,❌,❌,❌,❌,❌,❌
5300,Amstetten Gießhübl,❌,❌,❌,❌,❌,❌,❌,❌,❌,❌
5301,Amstetten,❌,❌,❌,❌,❌,❌,❌,❌,❌,❌
5302,Amstetten Allersdorf,❌,❌,❌,❌,❌,❌,❌,❌,❌,❌
5304,Amstetten Greinsfurth,❌,❌,❌,❌,❌,❌,❌,❌,❌,❌
5315,Amstetten Kläranlage,❌,❌,❌,❌,❌,❌,❌,❌,❌,❌
5316,Amstetten,❌,❌,❌,❌,❌,❌,❌,❌,❌,❌
5320,Ybbs Persenbeug,❌,❌,❌,❌,❌,❌,❌,❌,❌,❌
5400,Melk,❌,❌,❌,❌,❌,❌,❌,❌,❌,❌
5410,Oberndorf an der Melk,❌,❌,❌,❌,❌,❌,❌,❌,❌,❌
5412,Oberndorf an der Melk,❌,❌,❌,❌,❌,❌,❌,❌,❌,❌
5413,Melk,❌,❌,❌,❌,❌,❌,❌,❌,❌,❌
5421,Wieselburg,❌,❌,❌,❌,❌,❌,❌,❌,❌,❌
5430,Petzenkirchen,❌,❌,❌,❌,❌,❌,❌,❌,❌,❌
5600,St. Pölten Hesserkaserne,❌,❌,❌,❌,❌,❌,❌,❌,❌,❌
5601,St. Pölten Viehofen,❌,❌,❌,❌,❌,❌,❌,❌,❌,❌
5604,St. Pölten Kopalkaserne,❌,❌,❌,❌,❌,❌,❌,❌,❌,❌
5606,St. Pölten Kopalkaserne,❌,❌,❌,❌,❌,❌,❌,❌,❌,❌
5607,St. Pölten Wallseer Straße,❌,❌,❌,❌,❌,❌,❌,❌,❌,❌
5609,St. Pölten Landhaus,❌,❌,❌,❌,❌,❌,❌,❌,❌,❌
5625,Lilienfeld-Tarschberg,❌,❌,❌,❌,❌,❌,❌,❌,❌,❌
5700,Altenmarkt an der Triesting,❌,❌,❌,❌,❌,❌,❌,❌,❌,❌
5701,Klausen Leopoldsdorf,❌,❌,❌,❌,❌,❌,❌,❌,❌,❌
5725,Kohlreithberg,❌,❌,❌,❌,❌,❌,❌,❌,❌,❌
5735,Buchberg,❌,❌,❌,❌,❌,❌,❌,❌,❌,❌
5802,Wien Jubliäumswarte,❌,❌,❌,❌,❌,❌,❌,❌,❌,❌
5804,Wien Mariabrunn,❌,❌,❌,❌,❌,❌,❌,❌,❌,❌
5805,Wien Mariabrunn,❌,❌,❌,❌,❌,❌,❌,❌,❌,❌
5820,Brunn am Gebirge,❌,❌,❌,❌,❌,❌,❌,❌,❌,❌
5870,Baden,❌,❌,❌,❌,❌,❌,❌,❌,❌,❌
5871,Baden,❌,❌,❌,❌,❌,❌,❌,❌,❌,❌
5880,Gumpoldskirchen,❌,❌,❌,❌,❌,❌,❌,❌,❌,❌
5881,Gumpoldskirchen,❌,❌,❌,❌,❌,❌,❌,❌,❌,❌
5882,Gumpoldskirchen,❌,❌,❌,❌,❌,❌,❌,❌,❌,❌
5890,Breitenfurt,❌,❌,❌,❌,❌,❌,❌,❌,❌,❌
5901,Wien Hohe Warte,❌,❌,❌,❌,❌,❌,❌,❌,❌,❌
5904,Wien Hohe Warte,❌,❌,❌,❌,❌,❌,❌,❌,❌,❌
5916,Wien Unterlaa,❌,❌,❌,❌,❌,❌,❌,❌,❌,❌
5917,Wien Unterlaa,❌,❌,❌,❌,❌,❌,❌,❌,❌,❌
5925,Wien Innere Stadt,❌,❌,❌,❌,❌,❌,❌,❌,❌,❌
5935,Wien Donaufeld,❌,❌,❌,❌,❌,❌,❌,❌,❌,❌
5963,Wien Hohe Warte Hannhütte,❌,❌,❌,❌,❌,❌,❌,❌,❌,❌
5970,Groß-Enzersdorf,❌,❌,❌,❌,❌,❌,❌,❌,❌,❌
5972,Groß-Enzersdorf,❌,❌,❌,❌,❌,❌,❌,❌,❌,❌
5990,Schwechat Flughafen,❌,❌,❌,❌,❌,❌,❌,❌,❌,❌
6010,Franzensdorf,❌,❌,❌,❌,❌,❌,❌,❌,❌,❌
6020,Fuchsenbigl,❌,❌,❌,❌,❌,❌,❌,❌,❌,❌
6050,Fischamend,❌,❌,❌,❌,❌,❌,❌,❌,❌,❌
6102,Bruckneudorf,❌,❌,❌,❌,❌,❌,❌,❌,❌,❌
6111,Bad Deutsch-Altenburg,❌,❌,❌,❌,❌,❌,❌,❌,❌,❌
6300,Salzburg Flughafen,❌,❌,❌,❌,❌,❌,❌,❌,❌,❌
6304,Salzburg Freisaal,❌,❌,❌,❌,❌,❌,❌,❌,❌,❌
6305,Salzburg Freisaal,❌,❌,❌,❌,❌,❌,❌,❌,❌,❌
6308,Salzburg Festung,❌,❌,❌,❌,❌,❌,❌,❌,❌,❌
6400,Irrsdorf,❌,❌,❌,❌,❌,❌,❌,❌,❌,❌
6410,Mattsee,❌,❌,❌,❌,❌,❌,❌,❌,❌,❌
6411,Mattsee,❌,❌,❌,❌,❌,❌,❌,❌,❌,❌
6412,Mattsee,❌,❌,❌,❌,❌,❌,❌,❌,❌,❌
6415,Mattsee,❌,❌,❌,❌,❌,❌,❌,❌,❌,❌
6430,Kolomansberg,❌,❌,❌,❌,❌,❌,❌,❌,❌,❌
6501,Frankenmarkt,❌,❌,❌,❌,❌,❌,❌,❌,❌,❌
6510,Mondsee,❌,❌,❌,❌,❌,❌,❌,❌,❌,❌
6511,Mondsee,❌,❌,❌,❌,❌,❌,❌,❌,❌,❌
6512,Mondsee,❌,❌,❌,❌,❌,❌,❌,❌,❌,❌
6530,Weyregg,❌,❌,❌,❌,❌,❌,❌,❌,❌,❌
6540,Unterach am Attersee,❌,❌,❌,❌,❌,❌,❌,❌,❌,❌
6600,Ebensee,❌,❌,❌,❌,❌,❌,❌,❌,❌,❌
6610,Feuerkogel,❌,❌,❌,❌,❌,❌,❌,❌,❌,❌
6611,Feuerkogel,❌,❌,❌,❌,❌,❌,❌,❌,❌,❌
6619,Gmunden,❌,❌,❌,❌,❌,❌,❌,❌,❌,❌
6620,Gmunden,❌,❌,❌,❌,❌,❌,❌,❌,❌,❌
6621,Altmünster,❌,❌,❌,❌,❌,❌,❌,❌,❌,❌
6630,Lenzing,❌,❌,❌,❌,❌,❌,❌,❌,❌,❌
6700,Grünau,❌,❌,❌,❌,❌,❌,❌,❌,❌,❌
6800,Kirchdorf,❌,❌,❌,❌,❌,❌,❌,❌,❌,❌
6803,Micheldorf,❌,❌,❌,❌,❌,❌,❌,❌,❌,❌
6804,Micheldorf,❌,❌,❌,❌,❌,❌,❌,❌,❌,❌
6900,Ternberg,❌,❌,❌,❌,❌,❌,❌,❌,❌,❌
6910,Großraming Kraftwerk,❌,❌,❌,❌,❌,❌,❌,❌,❌,❌
6920,Zöbelboden,❌,❌,❌,❌,❌,❌,❌,❌,❌,❌
7000,Weyer,❌,❌,❌,❌,❌,❌,❌,❌,❌,❌
7001,Weyer,❌,❌,❌,❌,❌,❌,❌,❌,❌,❌
7002,Weyer,❌,❌,❌,❌,❌,❌,❌,❌,❌,❌
7012,Waidhofen an der Ybbs/Zentrum,❌,❌,❌,❌,❌,❌,❌,❌,❌,❌
7013,Waidhofen an der Ybbs,❌,❌,❌,❌,❌,❌,❌,❌,❌,❌
7020,Lunz,❌,❌,❌,❌,❌,❌,❌,❌,❌,❌
7110,Lunz am See,❌,❌,❌,❌,❌,❌,❌,❌,❌,❌
7200,Mariazell,❌,❌,❌,❌,❌,❌,❌,❌,❌,❌
7220,St. Sebastian bei Mariazell,❌,❌,❌,❌,❌,❌,❌,❌,❌,❌
7221,Mariazell/St. Sebastian,❌,❌,❌,❌,❌,❌,❌,❌,❌,❌
7300,Annaberg,❌,❌,❌,❌,❌,❌,❌,❌,❌,❌
7301,Kernhof-St. Aegyd am Neuwalde,❌,❌,❌,❌,❌,❌,❌,❌,❌,❌
7305,Krumbach,❌,❌,❌,❌,❌,❌,❌,❌,❌,❌
7500,Puchberg am Schneeberg,❌,❌,❌,❌,❌,❌,❌,❌,❌,❌
7502,Puchberg,❌,❌,❌,❌,❌,❌,❌,❌,❌,❌
7505,Puchberg am Schneeberg,❌,❌,❌,❌,❌,❌,❌,❌,❌,❌
7531,Hohe Wand Hochkogelhaus,❌,❌,❌,❌,❌,❌,❌,❌,❌,❌
7601,Wiener Neustadt Fohlenhof,❌,❌,❌,❌,❌,❌,❌,❌,❌,❌
7603,Wiener Neustadt Flugplatz,❌,❌,❌,❌,❌,❌,❌,❌,❌,❌
7604,Wiener Neustadt Flugplatz,❌,❌,❌,❌,❌,❌,❌,❌,❌,❌
7606,Wiener Neustadt Rebanlage,❌,❌,❌,❌,❌,❌,❌,❌,❌,❌
7610,Gutenstein Mariahilfberg,❌,❌,❌,❌,❌,❌,❌,❌,❌,❌
7641,Berndorf,❌,❌,❌,❌,❌,❌,❌,❌,❌,❌
7653,Bad Vöslau,❌,❌,❌,❌,❌,❌,❌,❌,❌,❌
7700,Eisenstadt,❌,❌,❌,❌,❌,❌,❌,❌,❌,❌
7704,Eisenstadt Nordost,❌,❌,❌,❌,❌,❌,❌,❌,❌,❌
7707,Eisenstadt,❌,❌,❌,❌,❌,❌,❌,❌,❌,❌
7710,Seibersdorf,❌,❌,❌,❌,❌,❌,❌,❌,❌,❌
7714,Hornstein,❌,❌,❌,❌,❌,❌,❌,❌,❌,❌
7803,Rust,❌,❌,❌,❌,❌,❌,❌,❌,❌,❌
7818,Illmitz,❌,❌,❌,❌,❌,❌,❌,❌,❌,❌
7890,Neusiedl am See,❌,❌,❌,❌,❌,❌,❌,❌,❌,❌
7900,Neusiedl am See,❌,❌,❌,❌,❌,❌,❌,❌,❌,❌
7905,Neusiedl am See,❌,❌,❌,❌,❌,❌,❌,❌,❌,❌
7906,Neusiedl am See,❌,❌,❌,❌,❌,❌,❌,❌,❌,❌
7912,Podersdorf Strandbad,❌,❌,❌,❌,❌,❌,❌,❌,❌,❌
7950,Andau,❌,❌,❌,❌,❌,❌,❌,❌,❌,❌
7955,Andau,❌,❌,❌,❌,❌,❌,❌,❌,❌,❌
7956,Andau,❌,❌,❌,❌,❌,❌,❌,❌,❌,❌
8200,Lochau,❌,❌,❌,❌,❌,❌,❌,❌,❌,❌
8301,Sulzberg,❌,❌,❌,❌,❌,❌,❌,❌,❌,❌
8805,Achenkirch,❌,❌,❌,❌,❌,❌,❌,❌,❌,❌
8806,Achenkirch,❌,❌,❌,❌,❌,❌,❌,❌,❌,❌
9000,Kirchbichl,❌,❌,❌,❌,❌,❌,❌,❌,❌,❌
9010,Kufstein,❌,❌,❌,❌,❌,❌,❌,❌,❌,❌
9011,Oberndorf/Ebbs,❌,❌,❌,❌,❌,❌,❌,❌,❌,❌
9016,Kufstein,❌,❌,❌,❌,❌,❌,❌,❌,❌,❌
9019,Söll,❌,❌,❌,❌,❌,❌,❌,❌,❌,❌
9105,Kirchdorf in Tirol,❌,❌,❌,❌,❌,❌,❌,❌,❌,❌
9110,Kössen,❌,❌,❌,❌,❌,❌,❌,❌,❌,❌
9200,Unken,❌,❌,❌,❌,❌,❌,❌,❌,❌,❌
9211,Lofer Ort,❌,❌,❌,❌,❌,❌,❌,❌,❌,❌
9215,Loferer Alm,❌,❌,❌,❌,❌,❌,❌,❌,❌,❌
9406,Golling,❌,❌,❌,❌,❌,❌,❌,❌,❌,❌
9410,Hallein,❌,❌,❌,❌,❌,❌,❌,❌,❌,❌
9450,St. Koloman,❌,❌,❌,❌,❌,❌,❌,❌,❌,❌
9500,Abtenau,❌,❌,❌,❌,❌,❌,❌,❌,❌,❌
9501,Abtenau,❌,❌,❌,❌,❌,❌,❌,❌,❌,❌
9510,St. Wolfgang,❌,❌,❌,❌,❌,❌,❌,❌,❌,❌
9511,St. Wolfgang,❌,❌,❌,❌,❌,❌,❌,❌,❌,❌
9512,St. Wolfgang,❌,❌,❌,❌,❌,❌,❌,❌,❌,❌
9600,Bad Goisern,❌,❌,❌,❌,❌,❌,❌,❌,❌,❌
9602,Bad Goisern,❌,❌,❌,❌,❌,❌,❌,❌,❌,❌
9603,Bad Goisern,❌,❌,❌,❌,❌,❌,❌,❌,❌,❌
9605,Bad Goisern,❌,❌,❌,❌,❌,❌,❌,❌,❌,❌
9606,Bad Goisern,❌,❌,❌,❌,❌,❌,❌,❌,❌,❌
9608,Bad Goisern,❌,❌,❌,❌,❌,❌,❌,❌,❌,❌
9609,Bad Goisern,❌,❌,❌,❌,❌,❌,❌,❌,❌,❌
9610,Bad Ischl,❌,❌,❌,❌,❌,❌,❌,❌,❌,❌
9611,Bad Ischl,❌,❌,❌,❌,❌,❌,❌,❌,❌,❌
9613,Bad Ischl,❌,❌,❌,❌,❌,❌,❌,❌,❌,❌
9617,Bad Ischl,❌,❌,❌,❌,❌,❌,❌,❌,❌,❌
9618,Bad Ischl,❌,❌,❌,❌,❌,❌,❌,❌,❌,❌
9620,Krippenstein,❌,❌,❌,❌,❌,❌,❌,❌,❌,❌
9640,Bad Aussee,❌,❌,❌,❌,❌,❌,❌,❌,❌,❌
9643,Bad Aussee,❌,❌,❌,❌,❌,❌,❌,❌,❌,❌
9700,Bad Mitterndorf,❌,❌,❌,❌,❌,❌,❌,❌,❌,❌
9701,Bad Mitterndorf,❌,❌,❌,❌,❌,❌,❌,❌,❌,❌
9801,Aigen im Ennstal,❌,❌,❌,❌,❌,❌,❌,❌,❌,❌
9810,Irdning-Gumpenstein,❌,❌,❌,❌,❌,❌,❌,❌,❌,❌
9811,Irdning-Gumpenstein,❌,❌,❌,❌,❌,❌,❌,❌,❌,❌
9901,Admont Moorwirtschaft,❌,❌,❌,❌,❌,❌,❌,❌,❌,❌
9905,Admont Grabnerhof,❌,❌,❌,❌,❌,❌,❌,❌,❌,❌
9911,Hall bei Admont,❌,❌,❌,❌,❌,❌,❌,❌,❌,❌
9919,Windischgarsten,❌,❌,❌,❌,❌,❌,❌,❌,❌,❌
9925,Rottenmann,❌,❌,❌,❌,❌,❌,❌,❌,❌,❌
10005,Mooslandl,❌,❌,❌,❌,❌,❌,❌,❌,❌,❌
10100,Eisenerz,❌,❌,❌,❌,❌,❌,❌,❌,❌,❌
10101,Eisenerz,❌,❌,❌,❌,❌,❌,❌,❌,❌,❌
10111,Präbichl,❌,❌,❌,❌,❌,❌,❌,❌,❌,❌
10200,Aflenz,❌,❌,❌,❌,❌,❌,❌,❌,❌,❌
10401,Mürzzuschlag,❌,❌,❌,❌,❌,❌,❌,❌,❌,❌
10410,Semmering,❌,❌,❌,❌,❌,❌,❌,❌,❌,❌
10412,Rax Seilbahnbergstation,❌,❌,❌,❌,❌,❌,❌,❌,❌,❌
10415,Semmering,❌,❌,❌,❌,❌,❌,❌,❌,❌,❌
10416,Semmering Südbahn-Hotel,❌,❌,❌,❌,❌,❌,❌,❌,❌,❌
10500,Mönichkirchen,❌,❌,❌,❌,❌,❌,❌,❌,❌,❌
10502,Mönichkirchen,❌,❌,❌,❌,❌,❌,❌,❌,❌,❌
10508,Breitenstein,❌,❌,❌,❌,❌,❌,❌,❌,❌,❌
10510,Reichenau an der Rax,❌,❌,❌,❌,❌,❌,❌,❌,❌,❌
10511,Reichenau an der Rax,❌,❌,❌,❌,❌,❌,❌,❌,❌,❌
10531,Pottschach,❌,❌,❌,❌,❌,❌,❌,❌,❌,❌
10550,Hirschenkogel,❌,❌,❌,❌,❌,❌,❌,❌,❌,❌
10607,Aspang,❌,❌,❌,❌,❌,❌,❌,❌,❌,❌
10700,Oberpullendorf,❌,❌,❌,❌,❌,❌,❌,❌,❌,❌
10710,Mattersburg,❌,❌,❌,❌,❌,❌,❌,❌,❌,❌
10720,Neudorf bei Landsee,❌,❌,❌,❌,❌,❌,❌,❌,❌,❌
11100,Bregenz,❌,❌,❌,❌,❌,❌,❌,❌,❌,❌
11102,Bregenz,❌,❌,❌,❌,❌,❌,❌,❌,❌,❌
11104,Bregenz,❌,❌,❌,❌,❌,❌,❌,❌,❌,❌
11106,Fraxern,❌,❌,❌,❌,❌,❌,❌,❌,❌,❌
11108,Fussach,❌,❌,❌,❌,❌,❌,❌,❌,❌,❌
11110,Feldkirch,❌,❌,❌,❌,❌,❌,❌,❌,❌,❌
11111,Dornbirn,❌,❌,❌,❌,❌,❌,❌,❌,❌,❌
11112,Dornbirn,❌,❌,❌,❌,❌,❌,❌,❌,❌,❌
11114,Dornbirn,❌,❌,❌,❌,❌,❌,❌,❌,❌,❌
11115,Feldkirch,❌,❌,❌,❌,❌,❌,❌,❌,❌,❌
11116,Laterns-Gapfohl,❌,❌,❌,❌,❌,❌,❌,❌,❌,❌
11130,Viktorsberg,❌,❌,❌,❌,❌,❌,❌,❌,❌,❌
11135,Alberschwende,❌,❌,❌,❌,❌,❌,❌,❌,❌,❌
11146,Rohrspitz,❌,❌,❌,❌,❌,❌,❌,❌,❌,❌
11203,Schoppernau,❌,❌,❌,❌,❌,❌,❌,❌,❌,❌
11301,Schröcken,❌,❌,❌,❌,❌,❌,❌,❌,❌,❌
11305,Warth,❌,❌,❌,❌,❌,❌,❌,❌,❌,❌
11311,Mittelberg,❌,❌,❌,❌,❌,❌,❌,❌,❌,❌
11402,Holzgau,❌,❌,❌,❌,❌,❌,❌,❌,❌,❌
11410,Tannheim,❌,❌,❌,❌,❌,❌,❌,❌,❌,❌
11505,Reutte,❌,❌,❌,❌,❌,❌,❌,❌,❌,❌
11506,Reutte,❌,❌,❌,❌,❌,❌,❌,❌,❌,❌
11603,Ehrwald,❌,❌,❌,❌,❌,❌,❌,❌,❌,❌
11700,Seefeld,❌,❌,❌,❌,❌,❌,❌,❌,❌,❌
11706,Seefeld,❌,❌,❌,❌,❌,❌,❌,❌,❌,❌
11800,Innsbruck Flughafen,❌,❌,❌,❌,❌,❌,❌,❌,❌,❌
11801,Innsbruck Universität,❌,❌,❌,❌,❌,❌,❌,❌,❌,❌
11802,Innsbruck Sillgasse,❌,❌,❌,❌,❌,❌,❌,❌,❌,❌
11803,Innsbruck Universität,❌,❌,❌,❌,❌,❌,❌,❌,❌,❌
11804,Innsbruck Flughafen,❌,❌,❌,❌,❌,❌,❌,❌,❌,❌
11900,Jenbach,❌,❌,❌,❌,❌,❌,❌,❌,❌,❌
11901,Jenbach,❌,❌,❌,❌,❌,❌,❌,❌,❌,❌
12015,Alpbach,❌,❌,❌,❌,❌,❌,❌,❌,❌,❌
12202,Kitzbühel,❌,❌,❌,❌,❌,❌,❌,❌,❌,❌
12203,Kitzbühel,❌,❌,❌,❌,❌,❌,❌,❌,❌,❌
12207,Kitzbühel,❌,❌,❌,❌,❌,❌,❌,❌,❌,❌
12210,Hahnenkamm,❌,❌,❌,❌,❌,❌,❌,❌,❌,❌
12212,Hahnenkamm-Ehrenbachhöhe,❌,❌,❌,❌,❌,❌,❌,❌,❌,❌
12215,Hahnenkamm-Ehrenbachhöhe,❌,❌,❌,❌,❌,❌,❌,❌,❌,❌
12216,Hahnenkamm-Sonnenrast,❌,❌,❌,❌,❌,❌,❌,❌,❌,❌
12220,Uttendorf,❌,❌,❌,❌,❌,❌,❌,❌,❌,❌
12231,Mittersill,❌,❌,❌,❌,❌,❌,❌,❌,❌,❌
12300,Saalbach,❌,❌,❌,❌,❌,❌,❌,❌,❌,❌
12301,Saalbach,❌,❌,❌,❌,❌,❌,❌,❌,❌,❌
12302,Saalbach,❌,❌,❌,❌,❌,❌,❌,❌,❌,❌
12310,Schmittenhöhe,❌,❌,❌,❌,❌,❌,❌,❌,❌,❌
12311,Schmittenhöhe,❌,❌,❌,❌,❌,❌,❌,❌,❌,❌
12322,Zell am See,❌,❌,❌,❌,❌,❌,❌,❌,❌,❌
12323,Zell am See,❌,❌,❌,❌,❌,❌,❌,❌,❌,❌
12351,Hochfilzen,❌,❌,❌,❌,❌,❌,❌,❌,❌,❌
12411,Saalfelden,❌,❌,❌,❌,❌,❌,❌,❌,❌,❌
12500,Bischofshofen,❌,❌,❌,❌,❌,❌,❌,❌,❌,❌
12503,Bischofshofen,❌,❌,❌,❌,❌,❌,❌,❌,❌,❌
12504,Bischofshofen,❌,❌,❌,❌,❌,❌,❌,❌,❌,❌
12505,St. Johann im Pongau,❌,❌,❌,❌,❌,❌,❌,❌,❌,❌
12506,Bischofshofen-Buchberg,❌,❌,❌,❌,❌,❌,❌,❌,❌,❌
12512,St. Veit Grafenhof,❌,❌,❌,❌,❌,❌,❌,❌,❌,❌
12513,St. Veit im Pongau,❌,❌,❌,❌,❌,❌,❌,❌,❌,❌
12530,St. Johann im Pongau,❌,❌,❌,❌,❌,❌,❌,❌,❌,❌
12610,Radstadt,❌,❌,❌,❌,❌,❌,❌,❌,❌,❌
12615,Radstadt,❌,❌,❌,❌,❌,❌,❌,❌,❌,❌
12616,Radstadt-Tandalier,❌,❌,❌,❌,❌,❌,❌,❌,❌,❌
12700,Rohrmoos,❌,❌,❌,❌,❌,❌,❌,❌,❌,❌
12711,Ramsau am Dachstein,❌,❌,❌,❌,❌,❌,❌,❌,❌,❌
12720,Dachstein-Hunerkogel,❌,❌,❌,❌,❌,❌,❌,❌,❌,❌
12721,Dachstein-Schladminger Gletscher,❌,❌,❌,❌,❌,❌,❌,❌,❌,❌
12810,Gröbming,❌,❌,❌,❌,❌,❌,❌,❌,❌,❌
12811,Gröbming,❌,❌,❌,❌,❌,❌,❌,❌,❌,❌
13000,Oberzeiring,❌,❌,❌,❌,❌,❌,❌,❌,❌,❌
13116,Seckau,❌,❌,❌,❌,❌,❌,❌,❌,❌,❌
13120,Kalwang,❌,❌,❌,❌,❌,❌,❌,❌,❌,❌
13250,St. Michael bei Leoben,❌,❌,❌,❌,❌,❌,❌,❌,❌,❌
13300,Bruck an der Mur,❌,❌,❌,❌,❌,❌,❌,❌,❌,❌
13302,Bruck an der Mur,❌,❌,❌,❌,❌,❌,❌,❌,❌,❌
13305,Kapfenberg,❌,❌,❌,❌,❌,❌,❌,❌,❌,❌
13308,Frohnleiten,❌,❌,❌,❌,❌,❌,❌,❌,❌,❌
13312,Leoben,❌,❌,❌,❌,❌,❌,❌,❌,❌,❌
13400,Rechberg,❌,❌,❌,❌,❌,❌,❌,❌,❌,❌
13401,Kapfenberg Flugfeld,❌,❌,❌,❌,❌,❌,❌,❌,❌,❌
13515,Fischbach,❌,❌,❌,❌,❌,❌,❌,❌,❌,❌
13605,Hartberg,❌,❌,❌,❌,❌,❌,❌,❌,❌,❌
13606,Rohrbach an der Lafnitz/Eichberg,❌,❌,❌,❌,❌,❌,❌,❌,❌,❌
13640,Kroisegg,❌,❌,❌,❌,❌,❌,❌,❌,❌,❌
13702,Bernstein,❌,❌,❌,❌,❌,❌,❌,❌,❌,❌
13706,Bad Tatzmannsdorf,❌,❌,❌,❌,❌,❌,❌,❌,❌,❌
13707,Bad Tatzmannsdorf,❌,❌,❌,❌,❌,❌,❌,❌,❌,❌
13726,Schönau,❌,❌,❌,❌,❌,❌,❌,❌,❌,❌
13800,Glashütten,❌,❌,❌,❌,❌,❌,❌,❌,❌,❌
13805,Hirschenstein,❌,❌,❌,❌,❌,❌,❌,❌,❌,❌
13811,Rechnitz,❌,❌,❌,❌,❌,❌,❌,❌,❌,❌
13906,Lutzmannsburg,❌,❌,❌,❌,❌,❌,❌,❌,❌,❌
13907,Lutzmannsburg,❌,❌,❌,❌,❌,❌,❌,❌,❌,❌
14103,Bludenz,❌,❌,❌,❌,❌,❌,❌,❌,❌,❌
14104,Bludenz,❌,❌,❌,❌,❌,❌,❌,❌,❌,❌
14110,Laz,❌,❌,❌,❌,❌,❌,❌,❌,❌,❌
14115,Brand,❌,❌,❌,❌,❌,❌,❌,❌,❌,❌
14120,Lünersee,❌,❌,❌,❌,❌,❌,❌,❌,❌,❌
14150,Bludenz Bleiche,❌,❌,❌,❌,❌,❌,❌,❌,❌,❌
14200,Vandans,❌,❌,❌,❌,❌,❌,❌,❌,❌,❌
14301,St. Anton am Arlberg,❌,❌,❌,❌,❌,❌,❌,❌,❌,❌
14302,St. Anton am Arlberg,❌,❌,❌,❌,❌,❌,❌,❌,❌,❌
14305,Galzig,❌,❌,❌,❌,❌,❌,❌,❌,❌,❌
14308,Valluga,❌,❌,❌,❌,❌,❌,❌,❌,❌,❌
14311,Langen am Arlberg,❌,❌,❌,❌,❌,❌,❌,❌,❌,❌
14400,Landeck,❌,❌,❌,❌,❌,❌,❌,❌,❌,❌
14401,Landeck,❌,❌,❌,❌,❌,❌,❌,❌,❌,❌
14403,Landeck,❌,❌,❌,❌,❌,❌,❌,❌,❌,❌
14500,Hochserfaus,❌,❌,❌,❌,❌,❌,❌,❌,❌,❌
14510,Imst,❌,❌,❌,❌,❌,❌,❌,❌,❌,❌
14513,Imst,❌,❌,❌,❌,❌,❌,❌,❌,❌,❌
14520,Prutz,❌,❌,❌,❌,❌,❌,❌,❌,❌,❌
14521,Prutz,❌,❌,❌,❌,❌,❌,❌,❌,❌,❌
14525,Faggen,❌,❌,❌,❌,❌,❌,❌,❌,❌,❌
14603,Haiming,❌,❌,❌,❌,❌,❌,❌,❌,❌,❌
14620,Pioesmes,❌,❌,❌,❌,❌,❌,❌,❌,❌,❌
14622,St. Leonhard im Pitztal,❌,❌,❌,❌,❌,❌,❌,❌,❌,❌
14630,Umhausen,❌,❌,❌,❌,❌,❌,❌,❌,❌,❌
14631,Umhausen,❌,❌,❌,❌,❌,❌,❌,❌,❌,❌
14701,Neustift/Milders,❌,❌,❌,❌,❌,❌,❌,❌,❌,❌
14800,Brenner,❌,❌,❌,❌,❌,❌,❌,❌,❌,❌
14801,Brenner,❌,❌,❌,❌,❌,❌,❌,❌,❌,❌
14802,Brenner,❌,❌,❌,❌,❌,❌,❌,❌,❌,❌
14806,Patscherkofel,❌,❌,❌,❌,❌,❌,❌,❌,❌,❌
14807,Patscherkofel,❌,❌,❌,❌,❌,❌,❌,❌,❌,❌
14808,Patscherkofel,❌,❌,❌,❌,❌,❌,❌,❌,❌,❌
14809,Patscherkofel,❌,❌,❌,❌,❌,❌,❌,❌,❌,❌
14810,Patscherkofel,❌,❌,❌,❌,❌,❌,❌,❌,❌,❌
14812,Patscherkofel,❌,❌,❌,❌,❌,❌,❌,❌,❌,❌
14820,Rinn,❌,❌,❌,❌,❌,❌,❌,❌,❌,❌
14822,Rinn,❌,❌,❌,❌,❌,❌,❌,❌,❌,❌
14825,Schmirn,❌,❌,❌,❌,❌,❌,❌,❌,❌,❌
14833,Steinach am Brenner,❌,❌,❌,❌,❌,❌,❌,❌,❌,❌
14912,Hintertux,❌,❌,❌,❌,❌,❌,❌,❌,❌,❌
15001,Mayrhofen,❌,❌,❌,❌,❌,❌,❌,❌,❌,❌
15002,Mayrhofen,❌,❌,❌,❌,❌,❌,❌,❌,❌,❌
15010,Zell am Ziller,❌,❌,❌,❌,❌,❌,❌,❌,❌,❌
15100,Krimml,❌,❌,❌,❌,❌,❌,❌,❌,❌,❌
15101,Krimml,❌,❌,❌,❌,❌,❌,❌,❌,❌,❌
15105,Krimml,❌,❌,❌,❌,❌,❌,❌,❌,❌,❌
15201,Matrei-Prossegg,❌,❌,❌,❌,❌,❌,❌,❌,❌,❌
15210,Virgen,❌,❌,❌,❌,❌,❌,❌,❌,❌,❌
15310,Mooserboden,❌,❌,❌,❌,❌,❌,❌,❌,❌,❌
15320,Rudolfshütte,❌,❌,❌,❌,❌,❌,❌,❌,❌,❌
15321,Rudolfshütte,❌,❌,❌,❌,❌,❌,❌,❌,❌,❌
15340,Kals,❌,❌,❌,❌,❌,❌,❌,❌,❌,❌
15341,Kals/Großdorf,❌,❌,❌,❌,❌,❌,❌,❌,❌,❌
15344,Kals,❌,❌,❌,❌,❌,❌,❌,❌,❌,❌
15400,Rauris,❌,❌,❌,❌,❌,❌,❌,❌,❌,❌
15401,Rauris,❌,❌,❌,❌,❌,❌,❌,❌,❌,❌
15402,Rauris,❌,❌,❌,❌,❌,❌,❌,❌,❌,❌
15410,Sonnblick,❌,❌,❌,❌,❌,❌,❌,❌,❌,❌
15411,Sonnblick,❌,❌,❌,❌,❌,❌,❌,❌,❌,❌
15412,Sonnblick Fensterhütte,❌,❌,❌,❌,❌,❌,❌,❌,❌,❌
15414,Sonnblick GAW Daten,❌,❌,❌,❌,❌,❌,❌,❌,❌,❌
15420,Heiligenblut,❌,❌,❌,❌,❌,❌,❌,❌,❌,❌
15430,Kolm-Saigurn,❌,❌,❌,❌,❌,❌,❌,❌,❌,❌
15431,Kolm-Saigurn,❌,❌,❌,❌,❌,❌,❌,❌,❌,❌
15500,Bad Gastein,❌,❌,❌,❌,❌,❌,❌,❌,❌,❌
15501,Bad Gastein,❌,❌,❌,❌,❌,❌,❌,❌,❌,❌
15504,Bad Gastein,❌,❌,❌,❌,❌,❌,❌,❌,❌,❌
15505,Bad Hofgastein,❌,❌,❌,❌,❌,❌,❌,❌,❌,❌
15506,Bad Hofgastein,❌,❌,❌,❌,❌,❌,❌,❌,❌,❌
15509,Großarltal,❌,❌,❌,❌,❌,❌,❌,❌,❌,❌
15515,Bad Gastein/Böckstein,❌,❌,❌,❌,❌,❌,❌,❌,❌,❌
15600,Obertauern,❌,❌,❌,❌,❌,❌,❌,❌,❌,❌
15610,Obertauern,❌,❌,❌,❌,❌,❌,❌,❌,❌,❌
15623,Obertauern,❌,❌,❌,❌,❌,❌,❌,❌,❌,❌
15624,Obertauern,❌,❌,❌,❌,❌,❌,❌,❌,❌,❌
15640,Kölnbreinsperre,❌,❌,❌,❌,❌,❌,❌,❌,❌,❌
15700,St. Michael im Lungau,❌,❌,❌,❌,❌,❌,❌,❌,❌,❌
15701,St. Michael im Lungau,❌,❌,❌,❌,❌,❌,❌,❌,❌,❌
15702,St. Michael im Lungau,❌,❌,❌,❌,❌,❌,❌,❌,❌,❌
15710,Tamsweg,❌,❌,❌,❌,❌,❌,❌,❌,❌,❌
15712,Tamsweg,❌,❌,❌,❌,❌,❌,❌,❌,❌,❌
15715,Katschberg,❌,❌,❌,❌,❌,❌,❌,❌,❌,❌
15721,Mariapfarr,❌,❌,❌,❌,❌,❌,❌,❌,❌,❌
15800,Flattnitz,❌,❌,❌,❌,❌,❌,❌,❌,❌,❌
15900,Oberwölz,❌,❌,❌,❌,❌,❌,❌,❌,❌,❌
15901,Oberwölz,❌,❌,❌,❌,❌,❌,❌,❌,❌,❌
15905,Krakauebene,❌,❌,❌,❌,❌,❌,❌,❌,❌,❌
15906,Krakauebene Terrasse,❌,❌,❌,❌,❌,❌,❌,❌,❌,❌
15910,Stolzalpe,❌,❌,❌,❌,❌,❌,❌,❌,❌,❌
15911,Stolzalpe,❌,❌,❌,❌,❌,❌,❌,❌,❌,❌
15912,Stolzalpe,❌,❌,❌,❌,❌,❌,❌,❌,❌,❌
15920,Murau,❌,❌,❌,❌,❌,❌,❌,❌,❌,❌
16000,Neumarkt,❌,❌,❌,❌,❌,❌,❌,❌,❌,❌
16015,Neumarkt,❌,❌,❌,❌,❌,❌,❌,❌,❌,❌
16100,Zeltweg,❌,❌,❌,❌,❌,❌,❌,❌,❌,❌
16101,Zeltweg,❌,❌,❌,❌,❌,❌,❌,❌,❌,❌
16308,Köflach,❌,❌,❌,❌,❌,❌,❌,❌,❌,❌
16400,Graz Thalerhof Flughafen,❌,❌,❌,❌,❌,❌,❌,❌,❌,❌
16401,Graz Messendorfberg,❌,❌,❌,❌,❌,❌,❌,❌,❌,❌
16402,Graz Universität,❌,❌,❌,❌,❌,❌,❌,❌,❌,❌
16411,St. Radegund,❌,❌,❌,❌,❌,❌,❌,❌,❌,❌
16412,Graz Universität,❌,❌,❌,❌,❌,❌,❌,❌,❌,❌
16413,Graz Straßgang,❌,❌,❌,❌,❌,❌,❌,❌,❌,❌
16414,Graz Universität/Heinrichstraße,❌,❌,❌,❌,❌,❌,❌,❌,❌,❌
16420,Schöckl,❌,❌,❌,❌,❌,❌,❌,❌,❌,❌
16421,Schöckl,❌,❌,❌,❌,❌,❌,❌,❌,❌,❌
16500,Gleisdorf,❌,❌,❌,❌,❌,❌,❌,❌,❌,❌
16501,Gleisdorf,❌,❌,❌,❌,❌,❌,❌,❌,❌,❌
16511,Laßnitzhöhe,❌,❌,❌,❌,❌,❌,❌,❌,❌,❌
16521,Weiz,❌,❌,❌,❌,❌,❌,❌,❌,❌,❌
16601,Fürstenfeld,❌,❌,❌,❌,❌,❌,❌,❌,❌,❌
16702,Güssing,❌,❌,❌,❌,❌,❌,❌,❌,❌,❌
16711,Wörterberg,❌,❌,❌,❌,❌,❌,❌,❌,❌,❌
16800,Kleinzicken,❌,❌,❌,❌,❌,❌,❌,❌,❌,❌
16802,Kleinzicken,❌,❌,❌,❌,❌,❌,❌,❌,❌,❌
16905,Gaschurn,❌,❌,❌,❌,❌,❌,❌,❌,❌,❌
16906,Gaschurn,❌,❌,❌,❌,❌,❌,❌,❌,❌,❌
16920,Gargellen,❌,❌,❌,❌,❌,❌,❌,❌,❌,❌
17002,Galtür,❌,❌,❌,❌,❌,❌,❌,❌,❌,❌
17005,Ischgl-Idalpe,❌,❌,❌,❌,❌,❌,❌,❌,❌,❌
17010,Kops,❌,❌,❌,❌,❌,❌,❌,❌,❌,❌
17100,Nauders,❌,❌,❌,❌,❌,❌,❌,❌,❌,❌
17102,Nauders,❌,❌,❌,❌,❌,❌,❌,❌,❌,❌
17300,Obergurgl,❌,❌,❌,❌,❌,❌,❌,❌,❌,❌
17301,Obergurgl,❌,❌,❌,❌,❌,❌,❌,❌,❌,❌
17305,Vent,❌,❌,❌,❌,❌,❌,❌,❌,❌,❌
17315,Pitztaler Gletscher,❌,❌,❌,❌,❌,❌,❌,❌,❌,❌
17320,Brunnenkogel,❌,❌,❌,❌,❌,❌,❌,❌,❌,❌
17701,St. Jakob im Defereggental,❌,❌,❌,❌,❌,❌,❌,❌,❌,❌
17900,Lienz,❌,❌,❌,❌,❌,❌,❌,❌,❌,❌
17901,Lienz,❌,❌,❌,❌,❌,❌,❌,❌,❌,❌
18001,Döllach,❌,❌,❌,❌,❌,❌,❌,❌,❌,❌
18111,Mallnitz,❌,❌,❌,❌,❌,❌,❌,❌,❌,❌
18120,Obervellach,❌,❌,❌,❌,❌,❌,❌,❌,❌,❌
18121,Obervellach,❌,❌,❌,❌,❌,❌,❌,❌,❌,❌
18122,Obervellach,❌,❌,❌,❌,❌,❌,❌,❌,❌,❌
18200,Litzlhof,❌,❌,❌,❌,❌,❌,❌,❌,❌,❌
18210,Millstatt,❌,❌,❌,❌,❌,❌,❌,❌,❌,❌
18220,Spittal an der Drau,❌,❌,❌,❌,❌,❌,❌,❌,❌,❌
18225,Spittal an der Drau,❌,❌,❌,❌,❌,❌,❌,❌,❌,❌
18231,Gmünd,❌,❌,❌,❌,❌,❌,❌,❌,❌,❌
18300,Radenthein,❌,❌,❌,❌,❌,❌,❌,❌,❌,❌
18402,Flattnitz,❌,❌,❌,❌,❌,❌,❌,❌,❌,❌
18500,Weitensfeld,❌,❌,❌,❌,❌,❌,❌,❌,❌,❌
18502,Weitensfeld,❌,❌,❌,❌,❌,❌,❌,❌,❌,❌
18600,Friesach,❌,❌,❌,❌,❌,❌,❌,❌,❌,❌
18601,Friesach,❌,❌,❌,❌,❌,❌,❌,❌,❌,❌
18615,Althofen,❌,❌,❌,❌,❌,❌,❌,❌,❌,❌
18622,St. Veit an der Glan,❌,❌,❌,❌,❌,❌,❌,❌,❌,❌
18705,St. Andrä im Lavanttal,❌,❌,❌,❌,❌,❌,❌,❌,❌,❌
18800,Preitenegg,❌,❌,❌,❌,❌,❌,❌,❌,❌,❌
18805,Preitenegg,❌,❌,❌,❌,❌,❌,❌,❌,❌,❌
18810,Wolfsberg Reding,❌,❌,❌,❌,❌,❌,❌,❌,❌,❌
18905,Deutschlandsberg,❌,❌,❌,❌,❌,❌,❌,❌,❌,❌
18906,Deutschlandsberg,❌,❌,❌,❌,❌,❌,❌,❌,❌,❌
19010,Silberberg/Leibnitz,❌,❌,❌,❌,❌,❌,❌,❌,❌,❌
19021,Leibnitz-Wagna,❌,❌,❌,❌,❌,❌,❌,❌,❌,❌
19200,Bad Gleichenberg,❌,❌,❌,❌,❌,❌,❌,❌,❌,❌
19201,Bad Gleichenberg,❌,❌,❌,❌,❌,❌,❌,❌,❌,❌
19204,Bad Gleichenberg,❌,❌,❌,❌,❌,❌,❌,❌,❌,❌
19205,Feldbach,❌,❌,❌,❌,❌,❌,❌,❌,❌,❌
19505,Sillian,❌,❌,❌,❌,❌,❌,❌,❌,❌,❌
19600,St. Lorenzen im Lesachtal,❌,❌,❌,❌,❌,❌,❌,❌,❌,❌
19700,Dellach,❌,❌,❌,❌,❌,❌,❌,❌,❌,❌
19701,Dellach,❌,❌,❌,❌,❌,❌,❌,❌,❌,❌
19711,Kornat,❌,❌,❌,❌,❌,❌,❌,❌,❌,❌
19715,Vorhegg,❌,❌,❌,❌,❌,❌,❌,❌,❌,❌
19720,Kötschach-Mauthen,❌,❌,❌,❌,❌,❌,❌,❌,❌,❌
19730,Laas,❌,❌,❌,❌,❌,❌,❌,❌,❌,❌
19731,Laas,❌,❌,❌,❌,❌,❌,❌,❌,❌,❌
19800,Reisach,❌,❌,❌,❌,❌,❌,❌,❌,❌,❌
19810,Weißbriach,❌,❌,❌,❌,❌,❌,❌,❌,❌,❌
19821,Weißensee-Gatschach,❌,❌,❌,❌,❌,❌,❌,❌,❌,❌
19911,Hermagor,❌,❌,❌,❌,❌,❌,❌,❌,❌,❌
20002,Bad Bleiberg,❌,❌,❌,❌,❌,❌,❌,❌,❌,❌
20010,Fresach,❌,❌,❌,❌,❌,❌,❌,❌,❌,❌
20011,Fresach,❌,❌,❌,❌,❌,❌,❌,❌,❌,❌
20020,Villacher Alpe,❌,❌,❌,❌,❌,❌,❌,❌,❌,❌
20021,Villacher Alpe,❌,❌,❌,❌,❌,❌,❌,❌,❌,❌
20100,Kanzelhöhe,❌,❌,❌,❌,❌,❌,❌,❌,❌,❌
20101,Kanzelhöhe,❌,❌,❌,❌,❌,❌,❌,❌,❌,❌
20102,Kanzelhöhe,❌,❌,❌,❌,❌,❌,❌,❌,❌,❌
20105,Arriach,❌,❌,❌,❌,❌,❌,❌,❌,❌,❌
20106,Arriach,❌,❌,❌,❌,❌,❌,❌,❌,❌,❌
20110,Velden,❌,❌,❌,❌,❌,❌,❌,❌,❌,❌
20118,Villach Seebach,❌,❌,❌,❌,❌,❌,❌,❌,❌,❌
20122,Villach,❌,❌,❌,❌,❌,❌,❌,❌,❌,❌
20123,Villach Stadt,❌,❌,❌,❌,❌,❌,❌,❌,❌,❌
20200,Ferlach,❌,❌,❌,❌,❌,❌,❌,❌,❌,❌
20202,Ferlach,❌,❌,❌,❌,❌,❌,❌,❌,❌,❌
20204,Klagenfurt Fliegerhorst,❌,❌,❌,❌,❌,❌,❌,❌,❌,❌
20205,Klagenfurt St. Martin,❌,❌,❌,❌,❌,❌,❌,❌,❌,❌
20209,Klagenfurt/HTL1-Lastenstraße,❌,❌,❌,❌,❌,❌,❌,❌,❌,❌
20210,Klagenfurt Flughafen,❌,❌,❌,❌,❌,❌,❌,❌,❌,❌
20211,Klagenfurt Flughafen,❌,❌,❌,❌,❌,❌,❌,❌,❌,❌
20212,Klagenfurt Flughafen,❌,❌,❌,❌,❌,❌,❌,❌,❌,❌
20213,Klagenfurt,❌,❌,❌,❌,❌,❌,❌,❌,❌,❌
20214,Klagenfurt Landesmuseum,❌,❌,❌,❌,❌,❌,❌,❌,❌,❌
20219,Pörtschach,❌,❌,❌,❌,❌,❌,❌,❌,❌,❌
20220,Pörtschach,❌,❌,❌,❌,❌,❌,❌,❌,❌,❌
20230,Rupertiberg,❌,❌,❌,❌,❌,❌,❌,❌,❌,❌
20235,Kirschentheuer,❌,❌,❌,❌,❌,❌,❌,❌,❌,❌
20240,Feistritz im Rosental,❌,❌,❌,❌,❌,❌,❌,❌,❌,❌
20270,Feldkirchen,❌,❌,❌,❌,❌,❌,❌,❌,❌,❌
20330,Hochobir,❌,❌,❌,❌,❌,❌,❌,❌,❌,❌
20404,Feistritz ob Bleiburg,❌,❌,❌,❌,❌,❌,❌,❌,❌,❌
20408,Völkermarkt,❌,❌,❌,❌,❌,❌,❌,❌,❌,❌
20411,Völkermarkt Goldbrunnhof,❌,❌,❌,❌,❌,❌,❌,❌,❌,❌
20412,Feistritz ob Bleiburg,❌,❌,❌,❌,❌,❌,❌,❌,❌,❌
20901,Bad Radkersburg,❌,❌,❌,❌,❌,❌,❌,❌,❌,❌
20902,Bad Radkersburg,❌,❌,❌,❌,❌,❌,❌,❌,❌,❌
20903,Bad Radkersburg,❌,❌,❌,❌,❌,❌,❌,❌,❌,❌
21101,Loibl Tunnel,❌,❌,❌,❌,❌,❌,❌,❌,❌,❌
21300,Bad Eisenkappel,❌,❌,❌,❌,❌,❌,❌,❌,❌,❌
21302,Eisenkappel,❌,❌,❌,❌,❌,❌,❌,❌,❌,❌
